crime,number,date,location,beat,neighborhood,npu,lat,long
0,LARCENY-NON VEHICLE,103040029,10/31/2010,610 SPRING ST NW,509,Downtown,M,33.77101,-84.38895
1,AUTO THEFT,103040061,10/31/2010,850 OAK ST SW,401,West End,T,33.74057,-84.4168
2,LARCENY-FROM VEHICLE,103040169,10/31/2010,1344 METROPOLITAN PKWY SW,301,Capitol View Manor,X,33.71803,-84.40774
3,AUTO THEFT,103040174,10/31/2010,1752 PRYOR RD SW,307,Betmar LaVilla,Y,33.70731,-84.39674
4,LARCENY-NON VEHICLE,103040301,10/31/2010,JOHN WESLEY DOBBS AVE NE / CORLEY ST NE,604,Old Fourth Ward,M,33.75947,-84.36626
5,BURGLARY-RESIDENCE,103040333,10/31/2010,430 W WESLEY RD NW,205,Peachtree Battle Alliance,C,33.82838,-84.40133
6,ROBBERY-PEDESTRIAN,103040345,10/31/2010,MYRTLE DR @ PLAZA LN,410,Campbellton Road,R,33.70537,-84.45498
7,LARCENY-NON VEHICLE,103040385,10/31/2010,1980 DELOWE DR SW,410,Campbellton Road,R,33.70121,-84.45724
8,LARCENY-FROM VEHICLE,103040387,10/31/2010,506 MORELAND AVE SE,201,Brandon,C,33.83193,-84.42627
9,LARCENY-FROM VEHICLE,103040412,10/31/2010,229 PEACHTREE ST NE,509,Downtown,M,33.7604,-84.38746
10,AGG ASSAULT,103040443,10/31/2010,1083 EUCLID AVE NE,602,Inman Park,N,33.76309,-84.3516
11,AGG ASSAULT,103040472,10/31/2010,2315 DONALD LEE HOLLOWELL BLVD NW ,109,Center Hill,J,33.77725,-84.46072
12,LARCENY-FROM VEHICLE,103040475,10/31/2010,3475 LENOX RD NE,210,Lenox,B,33.84922,-84.36056
13,LARCENY-FROM VEHICLE,103040504,10/31/2010,800 SIDNEY MARCUS BLVD NE,211,Lindbergh/Morosgo,B,33.82674,-84.36131
14,RAPE,103040611,10/31/2010,210 PEACHTREE ST,508,Downtown,M,33.75946,-84.38769
15,LARCENY-NON VEHICLE,103040646,10/31/2010,610 SPRING ST NW,509,Downtown,M,33.77101,-84.38895
16,AUTO THEFT,103040890,10/31/2010,202 RICHARDSON ST SW ,303,Mechanicsville,V,33.74075,-84.39454
17,AGG ASSAULT,103040893,10/31/2010,450 THOMASVILLE BLVD SE,308,Thomasville Heights,Z,33.70604,-84.35916
18,LARCENY-FROM VEHICLE,103040928,10/31/2010,2591 PIEDMONT RD NE,211,Lindbergh/Morosgo,B,33.82543,-84.36706
19,LARCENY-NON VEHICLE,103040964,10/31/2010,678 HILL ST SE,605,Grant Park,W,33.73611,-84.37812
20,AUTO THEFT,103040966,10/31/2010,165 MARION PL NE,609,Edgewood,O,33.75795,-84.34501
21,LARCENY-FROM VEHICLE,103040970,10/31/2010,1116 LINDRIDGE DR NE,212,Lindridge/Martin Manor,F,33.8199,-84.35326
22,BURGLARY-RESIDENCE,103040973,10/31/2010,149 26TH ST NW,207,Brookwood,E,33.80253,-84.39776
23,AUTO THEFT,103040981,10/31/2010,901 BOLTON RD NW,114,Bankhead/Bolton,H,33.77948,-84.49901
24,LARCENY-NON VEHICLE,103041004,10/31/2010,36 HARRIS ST NW,508,Downtown,M,33.76089,-84.38855
25,AGG ASSAULT,103041014,10/31/2010,2019 REYNOLDS DR SW,307,Lakewood Heights,Y,33.69935,-84.40073
26,LARCENY-FROM VEHICLE,103041024,10/31/2010,TRENHOLM ST SW / PETERS ST SW,507,Castleberry Hill,M,33.7456,-84.40378
27,LARCENY-FROM VEHICLE,103041119,10/31/2010,3RD ST NE / PEACHTREE ST NE,505,Midtown,E,33.77368,-84.38477
28,BURGLARY-RESIDENCE,103041130,10/31/2010,600 GREENSFERRY AVE SW,101,The Villages at Castleberry H,T,33.74662,-84.40755
29,AUTO THEFT,103041136,10/31/2010,1306 HILL ST SE,305,Chosewood Park,Y,33.71875,-84.37852
30,ROBBERY-PEDESTRIAN,103041159,10/31/2010,1168 BENTEEN AVE SE,607,Boulevard Heights,W,33.72273,-84.36697
31,BURGLARY-NONRES,103041162,10/31/2010,640 NORTH AVE NE,603,Old Fourth Ward,M,33.77121,-84.36562
32,LARCENY-FROM VEHICLE,103041181,10/31/2010,2011 VENETIAN DR SW,409,Adams Park,R,33.71509,-84.4543
33,AGG ASSAULT,103041184,10/31/2010,3200 STONE RD SW,411,Greenbriar,R,33.6697,-84.49403
34,BURGLARY-RESIDENCE,103041224,10/31/2010,292 MORGAN PLACE S.E.,611,East Lake,O,33.74446,-84.29171
35,LARCENY-FROM VEHICLE,103041231,10/31/2010,701 KENNOLIA DR SW,404,Westwood Terrace,I,33.73611,-84.44924
36,BURGLARY-NONRES,103041236,10/31/2010,2777 BURTON RD NW,111,Westhaven,I,33.75615,-84.47873
37,AUTO THEFT,103041244,10/31/2010,3909 CAMPBELLTON RD SW,412,Kings Forest,P,33.6924,-84.51637
38,AUTO THEFT,103041255,10/31/2010,3334 PEACHTREE RD NE ,208,North Buckhead,B,33.84911,-84.37075
39,LARCENY-NON VEHICLE,103041263,10/31/2010,2700 PINE TREE DR NE,210,Pine Hills,B,33.82606,-84.35908
40,AUTO THEFT,103041268,10/31/2010,372 LEGACY DR SW,104,Harris Chiles,T,33.74385,-84.41909
41,LARCENY-NON VEHICLE,103041286,10/31/2010,302 DEERING RD NW,207,Loring Heights,E,33.79592,-84.399
42,LARCENY-FROM VEHICLE,103041308,10/31/2010,2086 CARVER DR,108,Dixie Hills,J,33.75973,-84.46253
43,LARCENY-FROM VEHICLE,103041311,10/31/2010,659 LARKIN ST SW,101,Atlanta University Center,T,33.74826,-84.40905
44,LARCENY-FROM VEHICLE,103041315,10/31/2010,1011 MONROE DR NE,601,Virginia Highland,F,33.78243,-84.36835
45,BURGLARY-RESIDENCE,103041320,10/31/2010,556 CAIRO ST NW,106,Bankhead,K,33.76982,-84.41967
46,AUTO THEFT,103041333,10/31/2010,564 GRESHAM AVE SE,612,East Atlanta,W,33.73892,-84.34559
47,LARCENY-NON VEHICLE,103041390,10/31/2010,424 FLAT SHOALS AVE SE,612,East Atlanta,W,33.74249,-84.34745
48,AUTO THEFT,103041397,10/31/2010,1128 ATLANTIC DR NW,501,Home Park,E,33.78548,-84.39813
49,LARCENY-FROM VEHICLE,103041424,10/31/2010,COURTLAND ST NE / HARRIS ST NE,509,Downtown,M,33.76094,-84.38418
50,LARCENY-NON VEHICLE,103041455,10/31/2010,FORSYTH ST NW / MARIETTA ST NW,511,Downtown,M,33.75543,-84.39104
51,LARCENY-NON VEHICLE,103041457,10/31/2010,3393 PEACHTREE RD NE @LENOX MALL,210,Lenox,B,33.84676,-84.36212
52,BURGLARY-RESIDENCE,103041472,10/31/2010,2412 WOODWARD WAY NW,205,Peachtree Battle Alliance,C,33.8193,-84.39688
53,LARCENY-NON VEHICLE,103041544,10/31/2010,510 PARKWAY DR NE,603,Old Fourth Ward,M,33.76822,-84.3734
54,LARCENY-FROM VEHICLE,103041546,10/31/2010,7TH ST NE / JUNIPER ST NE,505,Midtown,E,33.77843,-84.38274
55,LARCENY-NON VEHICLE,103041549,10/31/2010,3393 PEACHTREE RD NE @LENOX MALL,210,Lenox,B,33.84676,-84.36212
56,LARCENY-FROM VEHICLE,103041561,10/31/2010,JUNIPER ST NE / 10TH ST NE,503,Midtown,E,33.78175,-84.3825
57,LARCENY-FROM VEHICLE,103041582,10/31/2010,1424 N HIGHLAND AVE NE,213,Morningside/Lenox Park,F,33.79351,-84.35148
58,LARCENY-FROM VEHICLE,103041587,10/31/2010,836 MITCHELL ST SW,101,Atlanta University Center,T,33.75327,-84.41491
59,AUTO THEFT,103041588,10/31/2010,259 RICHARDSON ST SW,303,Mechanicsville,V,33.74083,-84.39654
60,BURGLARY-RESIDENCE,103041599,10/31/2010,3324 LYNFIELD LANE,406,Green Forest Acres,I,33.73257,-84.49651
61,BURGLARY-RESIDENCE,103041607,10/31/2010,941 MORELAND DR SE,607,Custer/McDonough/Guice,W,33.7088,-84.35813
62,AGG ASSAULT,103041647,10/31/2010,1123 JONES AVE,110,Grove Park,J,33.78545,-84.45178
63,LARCENY-FROM VEHICLE,103041669,10/31/2010,15 PEACHTREE ST SE,511,Downtown,M,33.75399,-84.38986
64,AUTO THEFT,103041670,10/31/2010,303 PARKWAY DR NE,604,Old Fourth Ward,M,33.76286,-84.37405
65,AGG ASSAULT,103041672,10/31/2010,240 OAK DR SE ,312,Glenrose Heights,Z,33.6685,-84.38684
66,LARCENY-NON VEHICLE,103041700,10/31/2010,50 ALABAMA ST SW,511,Downtown,M,33.75194,-84.38964
67,LARCENY-FROM VEHICLE,103041703,10/31/2010,895 RALPH D ABERNATHY BLVD SW,401,West End,T,33.7398,-84.41751
68,LARCENY-NON VEHICLE,103041704,10/31/2010,1801 HOWELL MILL RD NW,204,Berkeley Park,D,33.80388,-84.41278
69,AUTO THEFT,103041722,10/31/2010,260 HOLLY RD NW,106,Knight Park/Howell Station,K,33.78633,-84.42786
70,LARCENY-NON VEHICLE,103041741,10/31/2010,3393 PEACHTREE RD NE,210,Lenox,B,33.84676,-84.36212
71,LARCENY-NON VEHICLE,103041747,10/31/2010,1195 WOODLAND AVE NE,213,Lindridge/Martin Manor,F,33.81477,-84.34908
72,LARCENY-NON VEHICLE,103041750,10/31/2010,1801 HOWELL MILL RD NW,204,Berkeley Park,D,33.80388,-84.41278
73,LARCENY-FROM VEHICLE,103041776,10/31/2010,PRATT ST SE / ARMSTRONG ST SE,510,Downtown,M,33.75187,-84.38083
74,LARCENY-NON VEHICLE,103041793,10/31/2010,1111 ARLINGTON AVE,402,Oakland City,S,33.72418,-84.42425
75,AUTO THEFT,103041794,10/31/2010,2715 PEACHTREE RD NE,206,Garden Hills,B,33.82924,-84.38579
76,LARCENY-FROM VEHICLE,103041832,10/31/2010,1117 SAINT CHARLES PL NE,601,Atkins Park,F,33.77518,-84.35081
77,LARCENY-FROM VEHICLE,103041860,10/31/2010,480 JOHN WESLEY DOBBS AVE NE,604,Old Fourth Ward,M,33.75961,-84.37127
78,BURGLARY-RESIDENCE,103041864,10/31/2010,765 MCDANIEL ST SW,302,Pittsburgh,V,33.73396,-84.40177
79,LARCENY-NON VEHICLE,103041887,10/31/2010,2178 CAMPBELLTON RD SW,410,Campbellton Road,R,33.70514,-84.45947
80,AGG ASSAULT,103041966,10/31/2010,1655 ROGERS AVE SW,404,Westview,T,33.73751,-84.44186
81,AGG ASSAULT,103041975,10/31/2010,608 MCDANIEL STREET,303,Mechanicsville,V,33.73849,-84.40166
82,AUTO THEFT,103041987,10/31/2010,901 BOLTON ROAD NW,114,Bankhead/Bolton,H,33.77948,-84.49901
83,LARCENY-FROM VEHICLE,103042095,10/31/2010,829 BECKWITH ST SW,101,Atlanta University Center,T,33.75233,-84.41473
84,BURGLARY-RESIDENCE,103042108,10/31/2010,208 ADAIR AVE SE,307,Lakewood Heights,Y,33.7064,-84.38124
85,BURGLARY-RESIDENCE,103042121,10/31/2010,1371 KIMBERLY WAY SW,412,Ashley Courts,P,33.71771,-84.52315
86,LARCENY-NON VEHICLE,103042132,10/31/2010,590 CASADE,402,West End,T,33.73812,-84.43276
87,LARCENY-NON VEHICLE,103042148,10/31/2010,1565 WELLSWOOD DR SE,607,Custer/McDonough/Guice,W,33.71184,-84.35625
88,LARCENY-FROM VEHICLE,103042152,10/31/2010,1801 HOWELL MILL RD NW,204,Berkeley Park,D,33.80448,-84.41348
89,AGG ASSAULT,103042163,10/31/2010,1048 FERN AVE SE,304,Peoplestown,V,33.72592,-84.38498
90,LARCENY-NON VEHICLE,103048029,10/31/2010,CONCOURSE C @10700 SPINE RD,50,,,33.64063,-84.43256
91,AUTO THEFT,103032437,10/31/2010,252 W LAKE DR NW,105,West Lake,J,33.76186,-84.43977
92,HOMICIDE,103041842081,10/31/2010,912 JOSEPH E BOONE DR NW,102,Vine City,L,33.76326,-84.41711
93,HOMICIDE,103041495080,10/31/2010,499 FEDERAL TER SE,305,Chosewood Park,Y,33.71465,-84.37172
94,HOMICIDE,103032454079,10/31/2010,1045 DONALD LEE HOLLOWELL PKWY NW,106,Bankhead,K,33.7733,-84.42174
95,HOMICIDE,103040581078,10/31/2010,1025 OAK ST SW,401,West End,T,33.74094,-84.42141
96,LARCENY-FROM VEHICLE,103032441,10/30/2010,3760 PRINCETON LAKES PKWY SW,414,Princeton Lakes,P,33.65781,-84.5092
97,LARCENY-NON VEHICLE,103032507,10/30/2010,80 JESSE HILL JR DR SE,510,Downtown,M,33.75168,-84.38198
98,AGG ASSAULT,103032617,10/30/2010,3380 COLLIER DR NW,114,Fairburn Heights,H,33.76826,-84.49851
99,LARCENY-FROM VEHICLE,103032630,10/30/2010,61 NORTH AVE NW @VARSITY DRIVE INN,505,Midtown,E,33.77138,-84.38943
100,LARCENY-FROM VEHICLE,103031107,10/30/2010,370 NORTHSIDE DR NW,103,English Avenue,L,33.76527,-84.40498
101,LARCENY-FROM VEHICLE,103031141,10/30/2010,1351 ORMEWOOD AVE SE,612,East Atlanta,W,33.73384,-84.34341
102,BURGLARY-RESIDENCE,103031154,10/30/2010,1971 PINE OAK DR SW,404,Westwood Terrace,I,33.7361,-84.45231
103,LARCENY-FROM VEHICLE,103031163,10/30/2010,122 MLK JR DR SW,512,Downtown,M,33.75177,-84.39182
104,BURGLARY-NONRES,103031165,10/30/2010,1935 KIMBERLY RD SW,412,Ben Hill Terrace,P,33.70142,-84.52277
105,BURGLARY-RESIDENCE,103031169,10/30/2010,300 PEACHTREE ST NE,508,Downtown,M,33.76293,-84.38714
106,LARCENY-NON VEHICLE,103031183,10/30/2010,560 DUTCH VALLEY RD NE,213,Morningside/Lenox Park,F,33.79216,-84.36886
107,AUTO THEFT,103031236,10/30/2010,2 13TH ST NE,503,Midtown,E,33.7858,-84.38757
108,LARCENY-FROM VEHICLE,103031257,10/30/2010,23 LARKIN PL SW,507,Castleberry Hill,M,33.74749,-84.40414
109,LARCENY-NON VEHICLE,103031276,10/30/2010,3070 DONALD LEE HOLLOWELL PKWY NW,112,Collier Heights,I,33.78388,-84.48854
110,AUTO THEFT,103031315,10/30/2010,2886 MEMORIAL DR SE,611,East Lake,O,33.74741,-84.29245
111,LARCENY-NON VEHICLE,103031357,10/30/2010,1241 MORELAND AVE SE,607,Woodland Hills,W,33.72055,-84.35045
112,LARCENY-FROM VEHICLE,103031367,10/30/2010,1401 EPWORTH ST SW,403,Venetian Hills,S,33.71691,-84.43098
113,LARCENY-FROM VEHICLE,103031368,10/30/2010,151 14TH ST NW,501,Home Park,E,33.7873,-84.39241
114,LARCENY-FROM VEHICLE,103031385,10/30/2010,BAKER ST NE / PEACHTREE ST NW,508,Downtown,M,33.76226,-84.38755
115,ROBBERY-PEDESTRIAN,103031508,10/30/2010,765 SPRINGLAKE LN NW,205,Springlake,C,33.81108,-84.41356
116,LARCENY-FROM VEHICLE,103031520,10/30/2010,MONROE DR NE / 10TH ST NE,502,Midtown,E,33.78174,-84.36869
117,LARCENY-FROM VEHICLE,103031540,10/30/2010,ARMSTRONG ST SE / PRATT ST SE,510,Downtown,M,33.75187,-84.38083
118,BURGLARY-RESIDENCE,103031563,10/30/2010,1759 CAHOON ST SW,306,Sylvan Hills,X,33.70799,-84.41137
119,LARCENY-NON VEHICLE,103031573,10/30/2010,412 MORELAND AVE NE,602,Inman Park,N,33.76582,-84.34917
120,LARCENY-NON VEHICLE,103031590,10/30/2010,1073 PIEDMONT AVE NE @PIEDMONT PARK,502,Midtown,E,33.78384,-84.37897
121,LARCENY-NON VEHICLE,103031631,10/30/2010,ONE BUCKHEAD LOOP,208,North Buckhead,B,33.84911,-84.37075
122,BURGLARY-RESIDENCE,103031646,10/30/2010,2403 SUNRIDGE AVE SE,310,Browns Mill Park,Z,33.68863,-84.38307
123,LARCENY-NON VEHICLE,103031659,10/30/2010,3393 PEACHTREE RD NE @LENOX MALL,210,Lenox,B,33.84676,-84.36212
124,LARCENY-NON VEHICLE,103031691,10/30/2010,1295 ELIZABETH AVE SW,403,Venetian Hills,S,33.71952,-84.43581
125,LARCENY-NON VEHICLE,103031711,10/30/2010,3393 PEACHTREE RD NE @LENOX MALL,210,Lenox,B,33.84676,-84.36212
126,BURGLARY-RESIDENCE,103031746,10/30/2010,898 CAPITOL VIEW AVE NW,109,Center Hill,J,33.77952,-84.46747
127,LARCENY-NON VEHICLE,103031773,10/30/2010,1117 LEE,402,Oakland City,S,33.72459,-84.42107
128,ROBBERY-PEDESTRIAN,103031790,10/30/2010,532 CLEVELAND AVE SW,311,Hammond Park,X,33.68011,-84.40674
129,LARCENY-FROM VEHICLE,103031804,10/30/2010,36 HARRIS ST,509,Downtown,M,33.76097,-84.38604
130,AUTO THEFT,103031808,10/30/2010,1306 EASTRIDGE RD SW,408,Venetian Hills,S,33.71946,-84.44495
131,LARCENY-NON VEHICLE,103031871,10/30/2010,3393 PEACHTREE RD NE @LENOX MALL,210,Lenox,B,33.84676,-84.36212
132,LARCENY-NON VEHICLE,103031922,10/30/2010,3616 BOLFAIR DR NW,114,Carroll Heights,H,33.77721,-84.50587
133,LARCENY-FROM VEHICLE,103031962,10/30/2010,1919 METROPOLITAN PKY,306,Sylvan Hills,X,33.70339,-84.40806
134,LARCENY-FROM VEHICLE,103032002,10/30/2010,2525 PIEDMONT RD,211,Lindbergh/Morosgo,B,33.824,-84.36521
135,ROBBERY-PEDESTRIAN,103032013,10/30/2010,864 HALL ST NW,109,Center Hill,J,33.77859,-84.46616
136,LARCENY-NON VEHICLE,103032044,10/30/2010,199 11TH ST NE,503,Midtown,E,33.78291,-84.3807
137,BURGLARY-RESIDENCE,103032084,10/30/2010,3481 MEADOWRIDGE DR SW,414,Brentwood,P,33.67361,-84.50241
138,LARCENY-NON VEHICLE,103032085,10/30/2010,610 SPRING ST NW,509,Downtown,M,33.77101,-84.38895
139,BURGLARY-RESIDENCE,103032196,10/30/2010,2327 LEILA LN SE,308,Leila Valley,Z,33.69054,-84.35532
140,LARCENY-FROM VEHICLE,103032227,10/30/2010,3833 PRINCETON LAKES PKWY,414,Princeton Lakes,P,33.65488,-84.51022
141,AUTO THEFT,103032241,10/30/2010,232 FORSYTH ST SW,512,Downtown,M,33.74852,-84.39636
142,LARCENY-NON VEHICLE,103032293,10/30/2010,231 18TH ST NW,501,Atlantic Station,E,33.79249,-84.3954
143,LARCENY-FROM VEHICLE,103032340,10/30/2010,BROAD ST NW / MARIETTA ST NW,508,Downtown,M,33.75492,-84.39054
144,LARCENY-FROM VEHICLE,103030033,10/30/2010,840 MARIETTA ST NW,504,Marietta Street Artery,E,33.77522,-84.40691
145,LARCENY-FROM VEHICLE,103030182,10/30/2010,MARIETTA ST NW / BANKHEAD AVE NW,504,Marietta Street Artery,E,33.77363,-84.40468
146,BURGLARY-RESIDENCE,103030223,10/30/2010,356 PINE TREE DR NE,206,Garden Hills,B,33.83028,-84.37595
147,AUTO THEFT,103030293,10/30/2010,247 TAFT ST SW,307,Joyland,Y,33.71062,-84.39709
148,AGG ASSAULT,103030304,10/30/2010,1086 PIEDMONT,503,Midtown,E,33.78451,-84.37889
149,LARCENY-FROM VEHICLE,103030336,10/30/2010,1870 CAMPBELLTON RD SW,408,,R,33.70661,-84.44808
150,AGG ASSAULT,103030360,10/30/2010,UNIVERSITY AVE SW / I-75-85 SB EXPY SW,302,Pittsburgh,V,33.72201,-84.39509
151,ROBBERY-RESIDENCE,103030387,10/30/2010,1829 CAMPBELLTON RD SW,408,Venetian Hills,S,33.71,-84.44863
152,BURGLARY-RESIDENCE,103030473,10/30/2010,978 PARSONS ST SW,104,Ashview Heights,T,33.75092,-84.4196
153,BURGLARY-RESIDENCE,103030486,10/30/2010,3540 N CAMP CREEK PKWY SW,414,,P,33.67051,-84.50299
154,BURGLARY-RESIDENCE,103030490,10/30/2010,1040 HUFF RD,203,Blandtown,D,33.78949,-84.42125
155,LARCENY-FROM VEHICLE,103030589,10/30/2010,700 MARIETTA ST NW,504,Marietta Street Artery,E,33.77197,-84.40168
156,LARCENY-FROM VEHICLE,103030594,10/30/2010,1660 PEACHTREE ST NW,502,Midtown,E,33.79874,-84.39164
157,AUTO THEFT,103030616,10/30/2010,3815 MARTIN L KING JR DR NW,114,Old Gordon,H,33.76918,-84.51471
158,LARCENY-FROM VEHICLE,103030631,10/30/2010,829 HOLLYWOOD RD NW,110,Grove Park,J,33.77772,-84.45133
159,AUTO THEFT,103030698,10/30/2010,429 CALHOUN ST NW,501,Home Park,E,33.78295,-84.401
160,LARCENY-NON VEHICLE,103030700,10/30/2010,105 COLLIER RD NW,207,,E,33.80821,-84.39686
161,BURGLARY-RESIDENCE,103030733,10/30/2010,373 ADELLE ST SE,307,Lakewood Heights,Y,33.70043,-84.37645
162,BURGLARY-RESIDENCE,103030737,10/30/2010,2426 WOODWARD WAY,205,Peachtree Battle Alliance,C,33.82048,-84.39664
163,AGG ASSAULT,103030772,10/30/2010,1220 GUN CLUB RD NW,110,Almond Park,G,33.78752,-84.45789
164,LARCENY-FROM VEHICLE,103030778,10/30/2010,1217 GRACEWOOD AVE SE,612,East Atlanta,W,33.73272,-84.34776
165,AUTO THEFT,103030783,10/30/2010,3334 PEACHTREE RD NE,208,North Buckhead,B,33.84624,-84.36844
166,LARCENY-NON VEHICLE,103030821,10/30/2010,1621 CAMPBELLTON RD SW,408,Venetian Hills,S,33.71233,-84.44122
167,ROBBERY-PEDESTRIAN,103030842,10/30/2010,605 BOULEVARD NE,603,Old Fourth Ward,M,33.77097,-84.3714
168,AUTO THEFT,103030847,10/30/2010,1591 JONESBORO RD SE,305,South Atlanta,Y,33.70911,-84.38139
169,AUTO THEFT,103030855,10/30/2010,1150 ASTOR AVE SW,306,Sylvan Hills,X,33.70137,-84.42678
170,LARCENY-FROM VEHICLE,103030860,10/30/2010,180 JACKSON ST NE,604,Sweet Auburn,M,33.75905,-84.37546
171,LARCENY-FROM VEHICLE,103030916,10/30/2010,HARRIS ST NE / COURTLAND ST NE,509,Downtown,M,33.76094,-84.38418
172,AUTO THEFT,103030917,10/30/2010,41 25TH ST NW,207,Brookwood,E,33.80108,-84.39488
173,BURGLARY-RESIDENCE,103030920,10/30/2010,1155 JOSEPH E BOONE BLVD NW,106,Bankhead,K,33.7636,-84.42558
174,LARCENY-FROM VEHICLE,103030941,10/30/2010,370 NORTHSIDE DR NW,103,English Avenue,L,33.76507,-84.4042
175,LARCENY-FROM VEHICLE,103030943,10/30/2010,901 BOLTON RD NW,114,Bankhead/Bolton,H,33.77948,-84.49901
176,LARCENY-NON VEHICLE,103031037,10/30/2010,4302 CREEK VALLEY CT SW,413,Elmco Estates,P,33.69197,-84.53091
177,LARCENY-FROM VEHICLE,103031052,10/30/2010,376 ROY ST SW,302,Pittsburgh,V,33.72404,-84.40041
178,LARCENY-FROM VEHICLE,103031064,10/30/2010,100 LUCKIE ST NW,508,Downtown,M,33.7573,-84.38992
179,LARCENY-NON VEHICLE,103031082,10/30/2010,264 19TH ST NW,501,Atlantic Station,E,33.79321,-84.39692
180,LARCENY-FROM VEHICLE,103022782,10/30/2010,1338  PEACHTREE  ST,502,Midtown,E,33.79112,-84.38534
181,LARCENY-FROM VEHICLE,103022797,10/30/2010,107 E WESLEY RD NE,206,Peachtree Heights East,B,33.82832,-84.38396
182,ROBBERY-PEDESTRIAN,103022830,10/29/2010,PERRY BLVD NW / MCCALLIE BLVD NW,110,West Highlands,G,33.79949,-84.45474
183,LARCENY-NON VEHICLE,103028019,10/29/2010,5952 SPINE ROAD,50,,,33.64068,-84.44204
184,LARCENY-FROM VEHICLE,103028025,10/29/2010,N DECK @6023 N TERMINAL BYWY ; DAILY/LEVEL1/ROW 21C,50,,,33.64217,-84.447
185,LARCENY-NON VEHICLE,103028048,10/29/2010,7700 SPINE ROAD,50,,,33.64068,-84.44204
186,AUTO THEFT,103028075,10/29/2010,2200 RENTAL CAR CENTER PKWY,707,,,33.63977,-84.46358
187,BURGLARY-RESIDENCE,103012699,10/29/2010,711 WILSON RD NW,205,Springlake,C,33.81553,-84.41234
188,LARCENY-NON VEHICLE,103010888,10/29/2010,3099 PANTER TRL,409,Southwest,R,33.69931,-84.48914
189,LARCENY-NON VEHICLE,103020030,10/29/2010,1616 PIEDMONT AVE NE,213,Piedmont Heights,F,33.79884,-84.36815
190,AGG ASSAULT,103020069,10/29/2010,JOSEPH E LOWERY BLVD NW / DONALD LEE HOLLOWELL PKWY NW,103,Bankhead,K,33.77303,-84.41737
191,LARCENY-FROM VEHICLE,103020131,10/29/2010,3599 MARTIN L KING JR DR NW,111,Adamsville,H,33.75933,-84.50433
192,ROBBERY-PEDESTRIAN,103020311,10/29/2010,1990 ALISON CT SW,410,Campbellton Road,R,33.70066,-84.45363
193,AUTO THEFT,103020373,10/29/2010,972 FERN AVE SE,304,Peoplestown,V,33.72798,-84.38493
194,AUTO THEFT,103020506,10/29/2010,183 MOUNT ZION RD SE,312,Glenrose Heights,Z,33.67268,-84.38507
195,BURGLARY-NONRES,103020517,10/29/2010,2257 BOLLINGBROOK DR SW @BEECHER HILLS ELEM,406,Beecher Hills,I,33.73569,-84.4633
196,AUTO THEFT,103020531,10/29/2010,2637 OLD HAPEVILLE RD SW,310,Browns Mill Park,Z,33.68294,-84.39417
197,AUTO THEFT,103020551,10/29/2010,1720 MARTIN L KING JR DR SW,104,Mozley Park,K,33.75083,-84.44341
198,ROBBERY-PEDESTRIAN,103020568,10/29/2010,1865 CHESHIRE BRIDGE RD,213,Morningside/Lenox Park,F,33.80864,-84.36137
199,LARCENY-FROM VEHICLE,103020638,10/29/2010,370 NORTHSIDE DR NW,103,English Avenue,L,33.76507,-84.4042
200,LARCENY-FROM VEHICLE,103020723,10/29/2010,222 14TH ST NE,502,Midtown,E,33.78657,-84.38041
201,LARCENY-FROM VEHICLE,103020724,10/29/2010,875 COURTENAY DR NE,213,Morningside/Lenox Park,F,33.78972,-84.35843
202,LARCENY-FROM VEHICLE,103020741,10/29/2010,817 W PEACHTREE ST NE,505,Midtown,E,33.77696,-84.38697
203,BURGLARY-RESIDENCE,103020746,10/29/2010,351 FAIRBURN RD NW,111,Adamsville,H,33.76479,-84.50023
204,BURGLARY-RESIDENCE,103020801,10/29/2010,1871 PLAZA LN SW,410,Campbellton Road,R,33.70518,-84.45336
205,LARCENY-FROM VEHICLE,103020832,10/29/2010,705 BROOKLINE ST SW,301,Adair Park,V,33.72736,-84.41074
206,LARCENY-FROM VEHICLE,103020843,10/29/2010,1376 HEIGHTS PARK DR SE,607,Custer/McDonough/Guice,W,33.7161,-84.35086
207,AUTO THEFT,103020845,10/29/2010,483 MONUMENT AVE SE,612,East Atlanta,W,33.74103,-84.34159
208,AUTO THEFT,103020846,10/29/2010,1092 SHELBY PL SE,607,Woodland Hills,W,33.72371,-84.35181
209,LARCENY-NON VEHICLE,103020888,10/29/2010,590 CASCADE AVE SW,402,West End,T,33.73812,-84.43276
210,ROBBERY-PEDESTRIAN,103020913,10/29/2010,2148 PALIFOX DR NE,608,Lake Claire,N,33.76427,-84.31805
211,AUTO THEFT,103020926,10/29/2010,2423 MARTIN L KING JR DR NW ; PEEKS @ MLK,108,Florida Heights,I,33.75183,-84.46623
212,LARCENY-NON VEHICLE,103020941,10/29/2010,1990 PERKERSON RD SW,306,Sylvan Hills,X,33.70047,-84.4169
213,BURGLARY-RESIDENCE,103020945,10/29/2010,1677 CARROLL DR NW,203,Hills Park,D,33.80266,-84.44275
214,BURGLARY-RESIDENCE,103020985,10/29/2010,2007 MOREHOUSE DR NW,108,Dixie Hills,J,33.7613,-84.45299
215,LARCENY-FROM VEHICLE,103021017,10/29/2010,1700 NORTHSIDE DR NW,207,Berkeley Park,D,33.80121,-84.40791
216,LARCENY-FROM VEHICLE,103021027,10/29/2010,727 WYLIE ST SE,606,Cabbagetown,N,33.75204,-84.36355
217,AGG ASSAULT,103021033,10/29/2010,1925 NISKEY LAKE RD SW @BUNCHE MIDDLE,412,,P,33.70106,-84.53062
218,LARCENY-FROM VEHICLE,103021037,10/29/2010,13TH / CRESENT AVE,503,Midtown,E,33.78562,-84.38422
219,LARCENY-NON VEHICLE,103021066,10/29/2010,1306 PARK,305,Chosewood Park,Y,33.71902,-84.37026
220,LARCENY-FROM VEHICLE,103021067,10/29/2010,831 MARTIN ST SE,304,Summerhill,V,33.73196,-84.38458
221,LARCENY-FROM VEHICLE,103021142,10/29/2010,265 PONCE DE LEON AVE NE ;CAMDEN MIDTOWN,505,Midtown,E,33.77248,-84.37879
222,BURGLARY-RESIDENCE,103021157,10/29/2010,3443 VILLAGE PARK LN SW,414,Ben Hill,P,33.66161,-84.52564
223,LARCENY-FROM VEHICLE,103021190,10/29/2010,2037 LENOX RD NE,213,Lindridge/Martin Manor,F,33.81036,-84.35113
224,AUTO THEFT,103021204,10/29/2010,364 NORTHSIDE DR NW,103,English Avenue,L,33.7647,-84.40392
225,LARCENY-NON VEHICLE,103021229,10/29/2010,3129 PIEDMONT RD NE,211,Peachtree Park,B,33.84234,-84.37014
226,AUTO THEFT,103021256,10/29/2010,I-75-85 NB EXPY SW / UNIVERSITY AVE SW,302,Pittsburgh,V,33.72212,-84.3946
227,AUTO THEFT,103021257,10/29/2010,4496 CAMPBELLTON RD,413,,P,33.69597,-84.53536
228,LARCENY-NON VEHICLE,103021265,10/29/2010,99 ORMOND ST SE,304,Peoplestown,V,33.73146,-84.38474
229,LARCENY-NON VEHICLE,103021272,10/29/2010,1717 CENTRA VILLA DR SW,409,Adams Park,R,33.70854,-84.45679
230,LARCENY-NON VEHICLE,103021275,10/29/2010,3200 LENOX RD NE,210,Pine Hills,B,33.84221,-84.35822
231,BURGLARY-RESIDENCE,103021281,10/29/2010,503 COLLIER RIDGE DR ,112,Collier Heights,I,33.76887,-84.4763
232,LARCENY-FROM VEHICLE,103021289,10/29/2010,MARTIN L KING JR DR SW / CENTRAL AVE SW,511,Downtown,M,33.75079,-84.38987
233,BURGLARY-RESIDENCE,103021299,10/29/2010,3041 LANDRUM ,409,Southwest,R,33.70649,-84.48782
234,BURGLARY-RESIDENCE,103021307,10/29/2010,443 OAK DR SE,312,Orchard Knob,Z,33.66712,-84.37905
235,LARCENY-FROM VEHICLE,103021335,10/29/2010,DONALD LEE HOLLOWELL PKWY NW / JAMES JACKSON PKWY NW,113,Center Hill,J,33.77632,-84.47375
236,BURGLARY-RESIDENCE,103021341,10/29/2010,2233 MACON DR SW,310,Browns Mill Park,Z,33.69367,-84.39132
237,BURGLARY-RESIDENCE,103021347,10/29/2010,340 BROMACK DR SE,310,Lakewood,Z,33.68812,-84.37775
238,RAPE,103021371,10/29/2010,929 CHARLES ALLEN DR NE @GRADY HIGH,506,Midtown,E,33.78119,-84.37151
239,BURGLARY-RESIDENCE,103021375,10/29/2010,1926 HARBIN RD SW,409,Southwest,R,33.70327,-84.47989
240,LARCENY-FROM VEHICLE,103021376,10/29/2010,1530 ELLSWORTH INDUSTRIAL BLVD NW,203,Blandtown,D,33.79686,-84.42789
241,BURGLARY-RESIDENCE,103021411,10/29/2010,20 WALTHALL ST NE,606,Reynoldstown,N,33.75427,-84.35196
242,LARCENY-NON VEHICLE,103021419,10/29/2010,2841 GREENBRIAR PKWY SW,411,Greenbriar,R,33.68845,-84.49328
243,LARCENY-FROM VEHICLE,103021445,10/29/2010,1333 WHITE STREET,402,West End,T,33.73805,-84.43028
244,LARCENY-NON VEHICLE,103021455,10/29/2010,2415 CAMELLIA LN NE,211,Lindbergh/Morosgo,B,33.82171,-84.37117
245,LARCENY-NON VEHICLE,103021457,10/29/2010,1801 HOWELL MILL RD NW,204,Berkeley Park,D,33.80388,-84.41278
246,LARCENY-FROM VEHICLE,103021478,10/29/2010,973 DELAWARE AVE SE,607,Ormewood Park,W,33.73094,-84.35572
247,BURGLARY-RESIDENCE,103021503,10/29/2010,27 KIRKWOOD RD NE,610,Kirkwood,O,33.75218,-84.32144
248,LARCENY-NON VEHICLE,103021526,10/29/2010,2155 MEADOR AVE SE,310,Swallow Circle/Baywood,Z,33.69536,-84.38075
249,BURGLARY-RESIDENCE,103021527,10/29/2010,425 CHAPPELL RD NW,106,Bankhead,K,33.76722,-84.43255
250,LARCENY-FROM VEHICLE,103021542,10/29/2010,381 VENABLE ST NW,504,Downtown,M,33.76519,-84.39502
251,LARCENY-NON VEHICLE,103021545,10/29/2010,55 MCDONOUGH BLVD SE,305,South Atlanta,Y,33.72024,-84.38654
252,LARCENY-FROM VEHICLE,103021556,10/29/2010,214 JOHN WESLEY DOBBS AVE NE,510,Downtown,M,33.75741,-84.38075
253,LARCENY-FROM VEHICLE,103021573,10/29/2010,MARTIN L KING JR DR SW / FORSYTH ST SW,511,Downtown,M,33.75286,-84.3935
254,LARCENY-FROM VEHICLE,103021591,10/29/2010,440 ARGONNE DR NW,205,Wyngate,C,33.83519,-84.40173
255,LARCENY-NON VEHICLE,103021612,10/29/2010,141 PRYOR ST SW,512,Downtown,M,33.75093,-84.39146
256,BURGLARY-RESIDENCE,103021623,10/29/2010,2617 IVYDALE DR SW,410,Campbellton Road,R,33.69987,-84.47412
257,LARCENY-FROM VEHICLE,103021651,10/29/2010,1910 VENETIAN DR SW,408,Venetian Hills,S,33.71439,-84.45057
258,LARCENY-FROM VEHICLE,103021677,10/29/2010,497 LYNN VALLEY RD SW,406,,I,33.73719,-84.48202
259,BURGLARY-RESIDENCE,103021741,10/29/2010,917 OAKHILL AVE SW,301,Adair Park,V,33.72988,-84.40947
260,LARCENY-FROM VEHICLE,103021756,10/29/2010,2975 HEADLAND DR SW,411,Greenbriar,R,33.69168,-84.4872
261,LARCENY-NON VEHICLE,103021774,10/29/2010,PEYTON WOODS TRL SW / PEYTON RD SW,406,Peyton Forest,I,33.74291,-84.47917
262,BURGLARY-RESIDENCE,103021794,10/29/2010,1643 WESTHAVEN DR SW,404,Cascade Avenue/Road,S,33.73281,-84.44158
263,LARCENY-FROM VEHICLE,103021812,10/29/2010,2325 MELANTE DR NE,212,Lindridge/Martin Manor,F,33.81852,-84.35313
264,LARCENY-NON VEHICLE,103021832,10/29/2010,12 BROAD ST SW ;CVS,511,Downtown,M,33.7532,-84.39201
265,ROBBERY-PEDESTRIAN,103021861,10/29/2010,BROAD ST SW / MARTIN L KING JR DR SW,512,Downtown,M,33.75243,-84.3928
266,LARCENY-FROM VEHICLE,103021870,10/29/2010,1447 PIEDMONT AVE NE,502,Midtown,E,33.79396,-84.37186
267,ROBBERY-PEDESTRIAN,103021886,10/29/2010,391 17TH ST NW,501,Atlantic Station,E,33.79109,-84.40088
268,ROBBERY-COMMERCIAL,103021891,10/29/2010,464 MORELAND AVE NE,602,Inman Park,N,33.76686,-84.34915
269,AUTO THEFT,103021918,10/29/2010,JONESBORO RD SE / I-285 EB EXPY SE,313,South River Gardens,Z,33.65199,-84.36701
270,LARCENY-FROM VEHICLE,103021969,10/29/2010,1660 PEACHTREE ST NW,502,Midtown,E,33.79874,-84.39164
271,LARCENY-NON VEHICLE,103021988,10/29/2010,1991 DELOWE DR SW,410,Campbellton Road,R,33.70002,-84.45895
272,LARCENY-NON VEHICLE,103022029,10/29/2010,1097 HOLLYWOOD RD,110,Almond Park,G,33.78526,-84.46082
273,LARCENY-NON VEHICLE,103022058,10/29/2010,2859 PIEDMONT,211,Peachtree Park,B,33.83294,-84.3677
274,BURGLARY-RESIDENCE,103022071,10/29/2010,225 WOODWARD AVE SE,605,Grant Park,W,33.74542,-84.38026
275,LARCENY-NON VEHICLE,103022075,10/29/2010,850 OAK ST,401,West End,T,33.74057,-84.4168
276,AUTO THEFT,103022078,10/29/2010,101 HAMILTON E HOLMES DR NW,108,Westhaven,I,33.75558,-84.46807
277,LARCENY-NON VEHICLE,103022127,10/29/2010,737 PONCE DE LEON AVE NE,602,Poncey-Highland,N,33.77348,-84.36289
278,LARCENY-FROM VEHICLE,103022137,10/29/2010,2222 DORAL CT SW,413,Fairway Acres,P,33.68764,-84.53745
279,LARCENY-NON VEHICLE,103022176,10/29/2010,149 26TH ST NW,207,Brookwood,E,33.80253,-84.39776
280,LARCENY-FROM VEHICLE,103022194,10/29/2010,650 HILLPINE DR NE,213,Morningside/Lenox Park,F,33.793,-84.36558
281,LARCENY-NON VEHICLE,103022218,10/29/2010,1225 CAROLINE ST NE,609,Edgewood,O,33.75605,-84.34813
282,AUTO THEFT,103022249,10/29/2010,2931 MIDDLETON RD NW,111,,I,33.75294,-84.48775
283,AUTO THEFT,103022264,10/29/2010,2685 METROPOLITAN PKWY SW,309,Perkerson,X,33.68274,-84.40902
284,AUTO THEFT,103022318,10/29/2010,TIGER FLOWERS DR NW / WHITAKER CIR NW,108,West Lake,J,33.75977,-84.44524
285,LARCENY-FROM VEHICLE,103022343,10/29/2010,3021 HOGAN RD SW,411,Greenbriar,R,33.67815,-84.48703
286,ROBBERY-PEDESTRIAN,103022389,10/29/2010,50 UPPER ALABAMA,511,Downtown,M,33.75194,-84.38964
287,LARCENY-NON VEHICLE,103022422,10/29/2010,3393 PEACHTREE RD NE,210,Lenox,B,33.84676,-84.36212
288,LARCENY-FROM VEHICLE,103022426,10/29/2010,102 BROAD ST SW,512,Downtown,M,33.75178,-84.39318
289,AGG ASSAULT,103022445,10/29/2010,1009 WASHINGTON ST SW,304,Peoplestown,V,33.72723,-84.39109
290,AGG ASSAULT,103022457,10/29/2010,585 MCWILLIAMS RD SE,310,Browns Mill Park,Z,33.68869,-84.36881
291,ROBBERY-PEDESTRIAN,103022498,10/29/2010,2132 CAMPBELLTON RD SW,410,Campbellton Road,R,33.70659,-84.45411
292,ROBBERY-PEDESTRIAN,103022521,10/29/2010,1941 MYRTLE DR,410,Campbellton Road,R,33.70101,-84.45527
293,LARCENY-NON VEHICLE,103022614,10/29/2010,2020 BOLTON RD NW,203,Riverside,D,33.81125,-84.47594
294,LARCENY-FROM VEHICLE,103022665,10/29/2010,1000 MARIETTA ST NW,504,Marietta Street Artery,E,33.77907,-84.4105
295,LARCENY-FROM VEHICLE,103022702,10/29/2010,45 WHITEHOUSE DR SW,104,Ashview Heights,T,33.75382,-84.42109
296,LARCENY-NON VEHICLE,103022740,10/29/2010,2176 COUNTY LINE RD SW,413,Elmco Estates,P,33.69526,-84.53435
297,LARCENY-FROM VEHICLE,103022743,10/29/2010,BISHOP ST NW / 17TH ST NW,207,Loring Heights,E,33.79177,-84.40609
298,AGG ASSAULT,102970294,10/29/2010,255 TRINITY AVE,512,Downtown,M,33.75082,-84.39623
299,BURGLARY-RESIDENCE,103010902,10/28/2010,432 IRA ST SW,303,Mechanicsville,V,33.74277,-84.39973
300,BURGLARY-RESIDENCE,103010907,10/28/2010,1355 CAMPBELLTON RD SW,403,Venetian Hills,S,33.71551,-84.43244
301,BURGLARY-RESIDENCE,103010920,10/28/2010,2798 PEEK RD NW,112,Collier Heights,I,33.77743,-84.47815
302,LARCENY-FROM VEHICLE,103010943,10/28/2010,2450 CAMELLIA LN NE,211,Lindbergh/Morosgo,B,33.82269,-84.37114
303,LARCENY-FROM VEHICLE,103010944,10/28/2010,240 N HIGHLAND AVE NE,602,Inman Park,N,33.76234,-84.35933
304,BURGLARY-RESIDENCE,103010953,10/28/2010,166 SUWANEE AVENUE NW ,108,Dixie Hills,J,33.75884,-84.46533
305,LARCENY-NON VEHICLE,103010964,10/28/2010,824 DONALD LEE HOLLOWELL PKWY NW,103,English Avenue,L,33.77282,-84.41423
306,BURGLARY-RESIDENCE,103010984,10/28/2010,310 6TH ST NE,506,Midtown,E,33.77628,-84.37717
307,LARCENY-NON VEHICLE,103010985,10/28/2010,3000 CONTINENTAL COLONY PKWY SW,411,Greenbriar,R,33.68077,-84.4937
308,BURGLARY-NONRES,103011004,10/28/2010,1919 METROPOLITAN PKWY SW,306,Sylvan Hills,X,33.70278,-84.41017
309,AGG ASSAULT,103011049,10/28/2010,2084 BROWNS MILL RD SE,310,Lakewood,Z,33.69762,-84.37384
310,LARCENY-NON VEHICLE,103011051,10/28/2010,445 CLEVELAND AVE SE,312,Rosedale Heights,Z,33.68013,-84.37757
311,AUTO THEFT,103011054,10/28/2010,3200 LENOX RD NE,210,Pine Hills,B,33.84221,-84.35822
312,BURGLARY-RESIDENCE,103011066,10/28/2010,1585 LINDA WAY SW,404,Westview,T,33.73464,-84.43927
313,LARCENY-NON VEHICLE,103011084,10/28/2010,190 MARIETTA ST NW,507,Downtown,M,33.75757,-84.39487
314,ROBBERY-PEDESTRIAN,103011134,10/28/2010,JOHNSON ROAD NW/ SIMS AVE NW ,110,Grove Park,J,33.78133,-84.45477
315,LARCENY-FROM VEHICLE,103011162,10/28/2010,794 DIXIE AVE NE,602,Inman Park,N,33.75677,-84.3617
316,LARCENY-FROM VEHICLE,103011169,10/28/2010,15 PEACHTREE ST SW,511,Downtown,M,33.75369,-84.39043
317,AUTO THEFT,103011170,10/28/2010,3724 MARTIN L KING JR DR SW,407,Adamsville,H,33.76464,-84.5103
318,BURGLARY-RESIDENCE,103011191,10/28/2010,1733 MELROSE DR. SW,306,Sylvan Hills,X,33.70747,-84.42086
319,ROBBERY-PEDESTRIAN,103011225,10/28/2010,942 HANK AARON DR,304,Peoplestown,V,33.72843,-84.38748
320,LARCENY-FROM VEHICLE,103011256,10/28/2010,739 WYLIE ST SE,606,Cabbagetown,N,33.75205,-84.36309
321,ROBBERY-PEDESTRIAN,103011302,10/28/2010,LATTA ST NE / PINE ST NE,603,Old Fourth Ward,M,33.76791,-84.37258
322,LARCENY-FROM VEHICLE,103011313,10/28/2010,600 PONCE DE LEON AVE NE,506,Midtown,E,33.77376,-84.36722
323,AUTO THEFT,103011321,10/28/2010,106 VANNOY ST SE,609,Edgewood,O,33.75073,-84.34623
324,LARCENY-FROM VEHICLE,103011333,10/28/2010,2540 FORREST HILL DR,311,Hammond Park,X,33.681,-84.40011
325,BURGLARY-RESIDENCE,103011362,10/28/2010,1183 MOTON AVE SW,302,Pittsburgh,V,33.72261,-84.397
326,LARCENY-FROM VEHICLE,103011380,10/28/2010,OLD WESLEY PL @ WEST WESLEY ,201,Brandon,C,33.82875,-84.42267
327,LARCENY-NON VEHICLE,103011385,10/28/2010,1787 CAHOON ST SW,306,Sylvan Hills,X,33.70677,-84.41112
328,AGG ASSAULT,103011443,10/28/2010,730 BARNETT ST,601,Virginia Highland,F,33.77443,-84.35902
329,LARCENY-NON VEHICLE,103011509,10/28/2010,464 MORELAND AVE NE,602,Inman Park,N,33.76686,-84.34915
330,LARCENY-FROM VEHICLE,103011526,10/28/2010,1560 METROPOLITAN PKWY SW,306,Sylvan Hills,X,33.71194,-84.40422
331,BURGLARY-RESIDENCE,103011529,10/28/2010,1955 DODSON DR SW,410,Campbellton Road,R,33.70146,-84.47616
332,LARCENY-NON VEHICLE,103011534,10/28/2010,600 GREENSFERRY ,101,The Villages at Castleberry H,T,33.74662,-84.40755
333,LARCENY-NON VEHICLE,103011564,10/28/2010,285 POLAR ROCK RD SW,310,Polar Rock,Z,33.6968,-84.39851
334,BURGLARY-RESIDENCE,103011589,10/28/2010,186 HOWELL DR SW,407,Adamsville,H,33.75304,-84.50328
335,LARCENY-FROM VEHICLE,103011605,10/28/2010,3232 PEACHTREE RD NE,208,Buckhead Forest,B,33.84413,-84.37409
336,LARCENY-NON VEHICLE,103011608,10/28/2010,1225 CAROLINE ST NE,609,Edgewood,O,33.75605,-84.34813
337,LARCENY-NON VEHICLE,103011626,10/28/2010,2001 MARTIN L KING JR DR NW,108,,I,33.75011,-84.45285
338,LARCENY-NON VEHICLE,103011682,10/28/2010,730 PONCE DE LEON PL NE,601,Virginia Highland,F,33.77446,-84.36424
339,LARCENY-FROM VEHICLE,103011711,10/28/2010,JOHN WESLEY DOBBS AVE NE / COURTLAND ST NE,510,Downtown,M,33.75712,-84.38424
340,LARCENY-NON VEHICLE,103011739,10/28/2010,40 HARLAN RD SW,405,Harland Terrace,I,33.75338,-84.48085
341,BURGLARY-RESIDENCE,103011742,10/28/2010,73 JOSEPH E LOWERY BLVD,104,Ashview Heights,T,33.75271,-84.41779
342,LARCENY-FROM VEHICLE,103011775,10/28/2010,COCA COLA PL SE / BELL ST SE,510,Downtown,M,33.75279,-84.37984
343,LARCENY-FROM VEHICLE,103011801,10/28/2010,1944 PIEDMONT CIR NE,212,Piedmont Heights,F,33.81165,-84.36787
344,LARCENY-FROM VEHICLE,103011819,10/28/2010,950 MARIETTA ST NW,504,Marietta Street Artery,E,33.77682,-84.40822
345,LARCENY-NON VEHICLE,103011841,10/28/2010,3393 PEACHTREE RD NE,210,Lenox,B,33.84676,-84.36212
346,BURGLARY-RESIDENCE,103011892,10/28/2010,1689 ABNER CT NW,110,Carver Hills,G,33.80205,-84.4665
347,LARCENY-FROM VEHICLE,103011904,10/28/2010,1380 ATLANTIC DR NW,501,Atlantic Station,E,33.79282,-84.39779
348,LARCENY-FROM VEHICLE,103011922,10/28/2010,15 WALL ST SE,511,Downtown,M,33.75359,-84.38986
349,LARCENY-NON VEHICLE,103011953,10/28/2010,70 W PACES FERRY RD NW,206,Peachtree Heights West,B,33.84047,-84.38267
350,LARCENY-FROM VEHICLE,103012061,10/28/2010,935 MARIETTA ST NW,504,Marietta Street Artery,E,33.7778,-84.40865
351,AGG ASSAULT,103012067,10/28/2010,808 MCDANIEL ST SW,302,Pittsburgh,V,33.73295,-84.40148
352,BURGLARY-RESIDENCE,103012074,10/28/2010,765 MCDANIEL ST SW,302,Pittsburgh,V,33.73365,-84.40221
353,LARCENY-FROM VEHICLE,103012084,10/28/2010,3550 CAMPBELLTON RD SW,413,,P,33.68984,-84.50491
354,LARCENY-NON VEHICLE,103012098,10/28/2010,590 CASCADE AVE SW,402,West End,T,33.73812,-84.43276
355,LARCENY-FROM VEHICLE,103012132,10/28/2010,625 PIEDMONT AVE NE,505,Midtown,E,33.77178,-84.38174
356,LARCENY-NON VEHICLE,103012137,10/28/2010,1225 CAROLINE ST NE,609,Edgewood,O,33.75605,-84.34813
357,BURGLARY-RESIDENCE,103012146,10/28/2010,903 NOBLE CREEK DR NW,204,Cross Creek,C,33.81437,-84.42392
358,BURGLARY-RESIDENCE,103012162,10/28/2010,1380 SHARON ST NW,105,Hunter Hills,K,33.75448,-84.43255
359,BURGLARY-RESIDENCE,103012164,10/28/2010,4326 GREENLEAF CIR SW,413,Wildwood Forest,P,33.68427,-84.54044
360,ROBBERY-PEDESTRIAN,103012199,10/28/2010,1185 COLLIER RD NW,204,,C,33.81136,-84.42537
361,LARCENY-FROM VEHICLE,103012217,10/28/2010,W PEACHTREE ST NE / 14TH ST NE,502,Midtown,E,33.78667,-84.38781
362,BURGLARY-RESIDENCE,103012236,10/28/2010,1595 KENMORE ST SW,403,Cascade Avenue/Road,S,33.72374,-84.43996
363,BURGLARY-RESIDENCE,103012248,10/28/2010,2894 BROWNS MILL RD SE,312,Orchard Knob,Z,33.6756,-84.38385
364,BURGLARY-RESIDENCE,103012255,10/28/2010,2383 CHERRY BLOSSOM DR SW,412,Meadowbrook Forest,P,33.6908,-84.50343
365,LARCENY-NON VEHICLE,103012308,10/28/2010,1800 MYRTLE DR SW,410,Campbellton Road,R,33.70608,-84.45486
366,ROBBERY-PEDESTRIAN,103012323,10/28/2010,580 FAIR ST.,101,Atlanta University Center,T,33.74887,-84.40674
367,LARCENY-FROM VEHICLE,103012325,10/28/2010,HOWELL MILL RD NW / 11TH ST NW,501,Home Park,E,33.78287,-84.41164
368,LARCENY-FROM VEHICLE,103012343,10/28/2010,1190 N HIGHLAND AVE NE,601,Virginia Highland,F,33.78709,-84.35544
369,AUTO THEFT,103012371,10/28/2010,2051 DELANO DR NE,610,Kirkwood,O,33.75522,-84.3206
370,LARCENY-NON VEHICLE,103012395,10/28/2010,990 SAINT CHARLES AVE NE,601,Virginia Highland,F,33.77562,-84.35507
371,AUTO THEFT,103012411,10/28/2010,580 CLEVELAND AVE SW AT METROPOLITAN,311,Perkerson,X,33.68128,-84.4077
372,BURGLARY-RESIDENCE,103012468,10/28/2010,3390 FAIRBURN RD SW,414,Ben Hill,P,33.66311,-84.52345
373,AUTO THEFT,103012481,10/28/2010,2328 CAMPBELLTON RD SW,410,Campbellton Road,R,33.70439,-84.4634
374,LARCENY-FROM VEHICLE,103012490,10/28/2010,542 MORELAND AVE SE,612,East Atlanta,W,33.73931,-84.34896
375,LARCENY-FROM VEHICLE,103012493,10/28/2010,86 5TH ST NE,505,Midtown,E,33.77622,-84.38428
376,LARCENY-FROM VEHICLE,103012543,10/28/2010,60 ANDREW YOUNG INTERNA BLVD NE,509,Downtown,M,33.75991,-84.38522
377,AUTO THEFT,103012577,10/28/2010,524 GLEN IRIS DR NE,603,Old Fourth Ward,M,33.76877,-84.36796
378,BURGLARY-RESIDENCE,103012583,10/28/2010,292 THORNTON ST SW,307,Joyland,Y,33.71161,-84.39851
379,LARCENY-FROM VEHICLE,103012587,10/28/2010,875 PARSONS ST SW,101,Atlanta University Center,T,33.75101,-84.41629
380,AUTO THEFT,103012589,10/28/2010,1422 W PEACHTREE ST NW,502,Midtown,E,33.79345,-84.3882
381,LARCENY-FROM VEHICLE,103012647,10/28/2010,W PEACHTREE ST NE / SIMPSON ST NW,508,Downtown,M,33.76331,-84.38754
382,BURGLARY-RESIDENCE,103012660,10/28/2010,2172 CASCADE RD SW,409,Adams Park,R,33.72178,-84.45934
383,LARCENY-NON VEHICLE,103001206,10/28/2010,800 HUTCHENS RD. SE,313,South River Gardens,Z,33.67102,-84.36187
384,ROBBERY-PEDESTRIAN,103012728,10/28/2010,2700 GRAND AVE,311,Hammond Park,X,33.68085,-84.40042
385,LARCENY-FROM VEHICLE,103012757,10/28/2010,1110 IRA ST SW,302,Pittsburgh,V,33.72468,-84.39991
386,LARCENY-FROM VEHICLE,103010017,10/28/2010,931 MONROE DR ,506,Midtown,E,33.77973,-84.3676
387,LARCENY-FROM VEHICLE,103010052,10/28/2010,245 N HIGHLAND AVE NE,602,Inman Park,N,33.76194,-84.35948
388,LARCENY-FROM VEHICLE,103010122,10/28/2010,191 PEACHTREE ST NE,510,Downtown,M,33.75879,-84.3864
389,BURGLARY-NONRES,103010133,10/28/2010,210 FLAT SHOALS AVE SE,606,Reynoldstown,N,33.7482,-84.35118
390,BURGLARY-RESIDENCE,103010222,10/28/2010,1320 ELLSWORTH INDUSTRIAL BLVD NW,203,Blandtown,D,33.7907,-84.42691
391,AGG ASSAULT,103010258,10/28/2010,353 TAZOR ST NW,106,Bankhead,K,33.76431,-84.42075
392,LARCENY-FROM VEHICLE,103010260,10/28/2010,17 GROVE PARK PL NW,110,Grove Park,J,33.77696,-84.43816
393,BURGLARY-RESIDENCE,103010369,10/28/2010,1271 CAHABA DR SW,408,Venetian Hills,S,33.72011,-84.44867
394,BURGLARY-NONRES,103010409,10/28/2010,3670 CAMP CREEK PKWY SW,414,Princeton Lakes,P,33.655,-84.50859
395,BURGLARY-NONRES,103010461,10/28/2010,2650 LOIS LN SE,310,Browns Mill Park,Z,33.68246,-84.38735
396,BURGLARY-NONRES,103010467,10/28/2010,71 FAIRFIELD PLACE NW ,108,Dixie Hills,J,33.75461,-84.46292
397,LARCENY-FROM VEHICLE,103010468,10/28/2010,923 EDWIN ST NW,110,Grove Park,J,33.78026,-84.44582
398,AUTO THEFT,103010475,10/28/2010,187 FAIRBURN RD SW,407,Fairburn Mays,H,33.7506,-84.50773
399,LARCENY-NON VEHICLE,103010486,10/28/2010,895 RALPH D ABERNATHY BLVD SW,401,West End,T,33.7398,-84.41751
400,LARCENY-FROM VEHICLE,103010544,10/28/2010,903 CARDOVA DR NE,212,Lindridge/Martin Manor,F,33.81639,-84.35819
401,AUTO THEFT,103010624,10/28/2010,3850 WIEUCA RD NE,209,North Buckhead,B,33.8599,-84.36365
402,LARCENY-FROM VEHICLE,103010638,10/28/2010,765 MCDANIEL ST SW,302,Pittsburgh,V,33.73365,-84.40221
403,LARCENY-NON VEHICLE,103010656,10/28/2010,1961 MEADOR AVE SE,307,Lakewood Heights,Y,33.70063,-84.38056
404,LARCENY-FROM VEHICLE,103010678,10/28/2010,1614 PONTIAC PL SE,607,Custer/McDonough/Guice,W,33.71055,-84.35677
405,LARCENY-FROM VEHICLE,103010681,10/28/2010,111 CONE ST NW,508,Downtown,M,33.75798,-84.38969
406,AUTO THEFT,103010714,10/28/2010,1079 MARIETTA BLVD NW,106,Knight Park/Howell Station,K,33.7839,-84.4285
407,LARCENY-NON VEHICLE,103010796,10/28/2010,2001 SYLVAN RD,306,Sylvan Hills,X,33.69981,-84.4184
408,BURGLARY-RESIDENCE,103010809,10/28/2010,4407 PEACHTREE PARK DR NE,207,,E,33.81384,-84.38967
409,LARCENY-NON VEHICLE,103010818,10/28/2010,50 MOUNT ZION RD SE,312,Glenrose Heights,Z,33.67286,-84.38706
410,LARCENY-FROM VEHICLE,103010854,10/28/2010,402 TARRAGON WAY SW,407,Wilson Mill Meadows,H,33.75158,-84.51648
411,LARCENY-FROM VEHICLE,103010870,10/28/2010,902 EDWIN ST NW,110,Grove Park,J,33.77963,-84.44675
412,LARCENY-NON VEHICLE,103001207,10/27/2010,2621 DONALD LEE HOLLOWELL PKWY NW ; PIC N PAY,109,Center Hill,J,33.77617,-84.47272
413,AUTO THEFT,103001215,10/27/2010,590 CASCADE AVE SW,402,West End,T,33.73812,-84.43276
414,LARCENY-FROM VEHICLE,103001229,10/27/2010,1040 N HIGHLAND AVE NE,601,Virginia Highland,F,33.78287,-84.35477
415,BURGLARY-NONRES,103001249,10/27/2010,506 MCWILLIAMS RD SE,310,Lakewood,Z,33.6894,-84.3722
416,BURGLARY-RESIDENCE,103001269,10/27/2010,1001 SMITH ST SW,302,Pittsburgh,V,33.72742,-84.401
417,AGG ASSAULT,103001271,10/27/2010,945 HARWELL ST NW,105,Washington Park,K,33.75576,-84.41853
418,BURGLARY-NONRES,103001280,10/27/2010,2866 FORREST HILLS DR SW,311,Hammond Park,X,33.67725,-84.39889
419,AGG ASSAULT,103001321,10/27/2010,3000 CONTINENTAL COLONY PKWY SW,411,Greenbriar,R,33.68077,-84.4937
420,LARCENY-NON VEHICLE,103001370,10/27/2010,3393 PEACHTREE RD NE,210,Lenox,B,33.84676,-84.36212
421,BURGLARY-RESIDENCE,103001378,10/27/2010,532 CLEVELAND AVE SW,311,Hammond Park,X,33.68116,-84.4059
422,LARCENY-FROM VEHICLE,103001385,10/27/2010,105 HOWELL ST NE,604,Old Fourth Ward,M,33.75734,-84.36976
423,BURGLARY-RESIDENCE,103001397,10/27/2010,85 MOUNT ZION RD SW,312,Glenrose Heights,Z,33.67291,-84.39153
424,BURGLARY-RESIDENCE,103001412,10/27/2010,3298 TIARA CIR SW,409,Southwest,R,33.7016,-84.49547
425,AGG ASSAULT,103001413,10/27/2010,1572 HARDEE ST NE,609,Edgewood,O,33.75651,-84.33419
426,BURGLARY-RESIDENCE,103001420,10/27/2010,3099 PANTHER TRL SW,409,Southwest,R,33.69931,-84.48914
427,BURGLARY-RESIDENCE,103001430,10/27/2010,2572 LENOX RD NE,210,Pine Hills,B,33.82467,-84.35248
428,BURGLARY-RESIDENCE,103001469,10/27/2010,1092 OSBORNE ST SW,306,Sylvan Hills,X,33.70415,-84.42436
429,LARCENY-FROM VEHICLE,103001480,10/27/2010,250 ARIZONA AVE NE,609,Edgewood,O,33.76095,-84.33124
430,LARCENY-NON VEHICLE,103001512,10/27/2010,868 OAK ST SW,401,West End,T,33.74057,-84.41702
431,AUTO THEFT,103001522,10/27/2010,2125 JOSEPH E BOONE BLVD NW,108,Center Hill,J,33.76479,-84.4579
432,AGG ASSAULT,103001524,10/27/2010,551 PONCE DE LEON AVE NE,603,Old Fourth Ward,M,33.77326,-84.36889
433,BURGLARY-RESIDENCE,103001532,10/27/2010,1750 COMMERCE DR NW,204,Berkeley Park,D,33.80174,-84.41093
434,LARCENY-NON VEHICLE,103001541,10/27/2010,3393 PEACHTREE RD NE,210,Lenox,B,33.84676,-84.36212
435,BURGLARY-NONRES,103001582,10/27/2010,1435 DONALD LEE HOLLOWELL PKWY NW,110,Grove Park,J,33.77179,-84.43521
436,AUTO THEFT,103001600,10/27/2010,2909 CAMPBELLTON RD SW,409,Southwest,R,33.69869,-84.48265
437,LARCENY-NON VEHICLE,103001666,10/27/2010,3393 PEACHTREE RD,210,Lenox,B,33.84676,-84.36212
438,AUTO THEFT,103001684,10/27/2010,1380 ATLANTIC DR NW,501,Atlantic Station,E,33.79282,-84.39779
439,LARCENY-FROM VEHICLE,103001697,10/27/2010,80 JESSE HILL JR DR SE,510,Downtown,M,33.75168,-84.38198
440,BURGLARY-RESIDENCE,103001710,10/27/2010,528 WINTON TER NE  ,603,Old Fourth Ward,M,33.76861,-84.36994
441,LARCENY-NON VEHICLE,103001740,10/27/2010,80 JESSE HILL JR DR SE ,510,Downtown,M,33.75168,-84.38198
442,LARCENY-FROM VEHICLE,103001812,10/27/2010,825 MARTIN L KING JR DR NW,102,Vine City,L,33.75488,-84.41378
443,BURGLARY-RESIDENCE,103001827,10/27/2010,2110 SOUTHWOOD LN SW;,412,Ben Hill Terrace,P,33.69643,-84.51885
444,LARCENY-NON VEHICLE,103001871,10/27/2010,607 PEACHTREE ST NE,509,Downtown,M,33.77096,-84.3844
445,BURGLARY-RESIDENCE,103001889,10/27/2010,717 LEE ST SW,401,West End,T,33.73516,-84.41421
446,LARCENY-NON VEHICLE,103002046,10/27/2010,116 PONCE DE LEON AVE NE,505,Midtown,E,33.77248,-84.38382
447,LARCENY-FROM VEHICLE,103002053,10/27/2010,MONROE DR NE / KANUGA ST NE,601,Virginia Highland,F,33.78234,-84.36813
448,LARCENY-NON VEHICLE,103002079,10/27/2010,695 NORTH AVE NE,603,Old Fourth Ward,M,33.77073,-84.3645
449,BURGLARY-RESIDENCE,103002087,10/27/2010,979 REDFORD DR SE,308,Rebel Valley Forest,Z,33.68834,-84.35784
450,LARCENY-FROM VEHICLE,103002094,10/27/2010,889 PARSONS ST SW,101,Atlanta University Center,T,33.75099,-84.41669
451,LARCENY-FROM VEHICLE,103002095,10/27/2010,180 JACKSON ST NE ,604,Sweet Auburn,M,33.75929,-84.37628
452,LARCENY-FROM VEHICLE,103002146,10/27/2010,2165 CHESHIRE BRIDGE RD NE,213,Lindridge/Martin Manor,F,33.81341,-84.35347
453,AGG ASSAULT,103002160,10/27/2010,2524 MARTIN L KING JR DR SW,405,Harland Terrace,I,33.75285,-84.47033
454,BURGLARY-RESIDENCE,103002188,10/27/2010,1035 REUNION PL SW,412,Midwest Cascade,Q,33.7254,-84.52882
455,AUTO THEFT,103002227,10/27/2010,3911 CAMPBELLTON RD SW,412,Kings Forest,P,33.69289,-84.51602
456,LARCENY-FROM VEHICLE,103002231,10/27/2010,2909 CAMPBELLTON RD SW,409,Southwest,R,33.69869,-84.48265
457,ROBBERY-PEDESTRIAN,103002266,10/27/2010,101 DOGWOOD DR NW,112,Collier Heights,I,33.78257,-84.49293
458,LARCENY-FROM VEHICLE,103002274,10/27/2010,1132 TECHWOOD DR NW,501,Home Park,E,33.7855,-84.39273
459,AUTO THEFT,103002293,10/27/2010,339 MARIETTA ST NW,508,Downtown,M,33.76464,-84.39614
460,AUTO THEFT,103002301,10/27/2010,192 DEGRESS AVE NE,602,Inman Park,N,33.75939,-84.35245
461,LARCENY-FROM VEHICLE,103002325,10/27/2010,250 PHARR RD NE,206,Buckhead Village,B,33.83732,-84.3786
462,BURGLARY-RESIDENCE,103002334,10/27/2010,2190 JERNIGAN DR SE,310,Lakewood,Z,33.69436,-84.37217
463,LARCENY-FROM VEHICLE,103002337,10/27/2010,855 PEACHTREE ST NE,505,Midtown,E,33.77798,-84.38389
464,AGG ASSAULT,103002352,10/27/2010,3040 GRAND AVE SW,311,Hammond Park,X,33.67413,-84.40636
465,LARCENY-FROM VEHICLE,103002374,10/27/2010,700 CYPRESS ST NE,505,Midtown,E,33.77394,-84.3863
466,LARCENY-FROM VEHICLE,103002380,10/27/2010,1000 MARIETTA ST NW,504,Marietta Street Artery,E,33.77914,-84.41116
467,LARCENY-NON VEHICLE,103002391,10/27/2010,2909 CAMPBELLTON RD SW,409,Southwest,R,33.69869,-84.48265
468,LARCENY-FROM VEHICLE,103002393,10/27/2010,788 MARIETTA ST NW,504,Marietta Street Artery,E,33.77347,-84.40449
469,LARCENY-FROM VEHICLE,103002398,10/27/2010,17 COURTLAND ST NE,510,Downtown,M,33.75495,-84.38417
470,AGG ASSAULT,103002402,10/27/2010,987 ASHBY GRV SW,104,Ashview Heights,T,33.75009,-84.41985
471,LARCENY-NON VEHICLE,103008011,10/27/2010,S TERM @6000 S TERMINAL PKWY,50,,,33.63915,-84.44264
472,AUTO THEFT,103008050,10/27/2010,NATIONAL S DECK @2250 RENTAL CAR CENTER PKWY,707,,,33.63978,-84.46221
473,AGG ASSAULT,103000051,10/27/2010,SAINT JAMES AVE NW / 1ST ST NW,109,Carey Park,G,33.78592,-84.46697
474,AGG ASSAULT,103000078,10/27/2010,1673 MARTIN L KING JR DR NW,104,Mozley Park,K,33.75179,-84.44189
475,BURGLARY-NONRES,103000084,10/27/2010,1575 JOSEPH E BOONE BLVD NW,107,Grove Park,J,33.76391,-84.43929
476,LARCENY-FROM VEHICLE,103000110,10/27/2010,100 LUCKIE ST NW / CONE ST NW,508,Downtown,M,33.75786,-84.39012
477,AGG ASSAULT,103000131,10/27/2010,2315 CAMPBELLTON RD SW,409,Adams Park,R,33.70466,-84.46315
478,ROBBERY-PEDESTRIAN,103000135,10/27/2010,1187 WESTVIEW DR SW,104,Ashview Heights,T,33.7475,-84.42651
479,LARCENY-FROM VEHICLE,103000189,10/27/2010,935 MARIETTA ST NW,504,Marietta Street Artery,E,33.77795,-84.40849
480,AGG ASSAULT,103000272,10/27/2010,1029 MCDANIEL ST SW,302,Pittsburgh,V,33.72678,-84.4018
481,LARCENY-FROM VEHICLE,103000287,10/27/2010,191 PEACHTREE CENTER AVE NE,510,Downtown,M,33.75945,-84.38595
482,AUTO THEFT,103000310,10/27/2010,559 GRANT ST SE,605,Grant Park,W,33.73932,-84.37659
483,BURGLARY-RESIDENCE,103000312,10/27/2010,405 FAIRBURN RD SW,407,Wildwood (NPU-H),H,33.74347,-84.5145
484,AGG ASSAULT,103000373,10/27/2010,367 BELGARDE PL SE,312,Orchard Knob,Z,33.66441,-84.37791
485,AGG ASSAULT,103000430,10/27/2010,1135 OAKLAND LN SW,403,Oakland City,S,33.71965,-84.42493
486,ROBBERY-PEDESTRIAN,103000449,10/27/2010,3781 MARTIN L KING JR DR SW,114,Old Gordon,H,33.76797,-84.51322
487,LARCENY-FROM VEHICLE,103000494,10/27/2010,1108 MONTREAT AVE.,402,Oakland City,S,33.72936,-84.424
488,ROBBERY-PEDESTRIAN,103000495,10/27/2010,1133 MCDANIEL ST SW,302,Pittsburgh,V,33.72398,-84.40185
489,ROBBERY-PEDESTRIAN,103000500,10/27/2010,1668 EASTLAND RD SE,612,East Atlanta,W,33.71898,-84.33038
490,LARCENY-FROM VEHICLE,103000508,10/27/2010,2300 MACON DR SW;,310,Swallow Circle/Baywood,Z,33.69163,-84.39097
491,AUTO THEFT,103000516,10/27/2010,370 NORTHSIDE DR NW,103,English Avenue,L,33.76507,-84.4042
492,ROBBERY-PEDESTRIAN,103000518,10/27/2010,MCDONOUGH BLVD SE / PARK AVE SE,305,Chosewood Park,Y,33.71384,-84.37005
493,AUTO THEFT,103000535,10/27/2010,1880 MARKONE STREET NW ,107,Grove Park,J,33.76962,-84.44847
494,AUTO THEFT,103000548,10/27/2010,3460 KINGSBORO ROAD,210,Buckhead Heights,B,33.85019,-84.35765
495,AUTO THEFT,103000560,10/27/2010,2841 GREENBRIAR PKWY SW,411,Greenbriar,R,33.68677,-84.49773
496,LARCENY-NON VEHICLE,103000568,10/27/2010,3540 N CAMP CREEK PKWY SW,414,,P,33.6681,-84.50267
497,AUTO THEFT,103000585,10/27/2010,1298 NORTH AVE NW,106,Bankhead,K,33.76778,-84.43034
498,AUTO THEFT,103000608,10/27/2010,2001 SYLVAN RD SW,306,Sylvan Hills,X,33.69981,-84.4184